/*
SQLyog Ultimate v12.09 (64 bit)
MySQL - 5.5.40-log : Database - lifei_naicha
*********************************************************************
*/

/*!40101 SET NAMES utf8 */;

/*!40101 SET SQL_MODE=''*/;

/*!40014 SET @OLD_UNIQUE_CHECKS=@@UNIQUE_CHECKS, UNIQUE_CHECKS=0 */;
/*!40014 SET @OLD_FOREIGN_KEY_CHECKS=@@FOREIGN_KEY_CHECKS, FOREIGN_KEY_CHECKS=0 */;
/*!40101 SET @OLD_SQL_MODE=@@SQL_MODE, SQL_MODE='NO_AUTO_VALUE_ON_ZERO' */;
/*!40111 SET @OLD_SQL_NOTES=@@SQL_NOTES, SQL_NOTES=0 */;
CREATE DATABASE /*!32312 IF NOT EXISTS*/`lifei_naicha` /*!40100 DEFAULT CHARACTER SET utf8 */;

USE `lifei_naicha`;

/*Table structure for table `address` */

DROP TABLE IF EXISTS `address`;

CREATE TABLE `address` (
  `id` int(10) unsigned NOT NULL AUTO_INCREMENT,
  `dorm` varchar(10) NOT NULL COMMENT 'eg: 二区15舍',
  `detail` varchar(50) DEFAULT NULL COMMENT 'eg: 二区15舍309',
  PRIMARY KEY (`id`)
) ENGINE=InnoDB AUTO_INCREMENT=2245 DEFAULT CHARSET=utf8;

/*Data for the table `address` */

insert  into `address`(`id`,`dorm`,`detail`) values (0,'二区15舍','309'),(2243,'二区15舍','307'),(2244,'二区15舍','309');

/*Table structure for table `goods` */

DROP TABLE IF EXISTS `goods`;

CREATE TABLE `goods` (
  `id` int(10) NOT NULL AUTO_INCREMENT,
  `goods_category_name` varchar(10) NOT NULL COMMENT '必要的冗余字段: 商品种类',
  `name` varchar(30) NOT NULL,
  `display_order` int(10) DEFAULT '0' COMMENT '显示次序',
  `default_price` int(10) unsigned NOT NULL DEFAULT '0' COMMENT '默认价格',
  `is_sell` tinyint(1) NOT NULL DEFAULT '1' COMMENT '是否在卖',
  `image` varchar(300) DEFAULT NULL COMMENT '商品图片',
  `description` varchar(100) DEFAULT '' COMMENT '描述',
  PRIMARY KEY (`id`)
) ENGINE=InnoDB AUTO_INCREMENT=17 DEFAULT CHARSET=utf8;

/*Data for the table `goods` */

insert  into `goods`(`id`,`goods_category_name`,`name`,`display_order`,`default_price`,`is_sell`,`image`,`description`) values (4,'新品推荐','奶茶1',1,1000,1,'goodsImage-4-1.jpg','优选奶茶'),(5,'新品推荐','奶茶2',2,1600,0,'goodsImage-5-2.jpg','优选奶茶'),(6,'招牌热卖','奶茶3',1,1200,1,'goodsImage-6-3.jpg','优选奶茶'),(7,'招牌热卖','奶茶4',2,1400,1,'goodsImage-7-5.jpg','优选奶茶'),(8,'奶茶','奶茶5',1,1400,1,'goodsImage-8-6.jpg','优选奶茶'),(9,'果茶','果茶1',1,1200,1,'goodsImage-9-6.jpg','优选奶茶'),(10,'果茶','果茶2',2,1200,1,'goodsImage-10-7.jpg','优选奶茶'),(11,'果茶','果茶3',3,1400,1,'goodsImage-11-8.jpg','优选奶茶'),(12,'甜点','甜点1',1,500,1,'goodsImage-12-小吃4.jpg','甜点'),(13,'甜点','甜点2',2,450,1,'goodsImage-13-小吃5.jpg','甜点'),(14,'小吃','小吃1',1,600,1,'goodsImage-14-小吃1.jpg','小吃'),(15,'小吃','小吃2',2,800,1,'goodsImage-15-小吃2.jpg','小吃'),(16,'小吃','小吃3',3,350,1,'goodsImage-16-小吃3.jpg','小吃');

/*Table structure for table `goods_category` */

DROP TABLE IF EXISTS `goods_category`;

CREATE TABLE `goods_category` (
  `name` varchar(10) NOT NULL,
  `display_order` tinyint(1) DEFAULT '1' COMMENT '显示顺序',
  `show_status` tinyint(1) NOT NULL DEFAULT '1' COMMENT '是否显示',
  PRIMARY KEY (`name`)
) ENGINE=InnoDB DEFAULT CHARSET=utf8 COMMENT='商品类别';

/*Data for the table `goods_category` */

insert  into `goods_category`(`name`,`display_order`,`show_status`) values ('奶茶',3,1),('小吃',6,1),('招牌热卖',2,1),('新品推荐',1,1),('果茶',4,1),('甜点',5,1);

/*Table structure for table `goods_property` */

DROP TABLE IF EXISTS `goods_property`;

CREATE TABLE `goods_property` (
  `id` int(10) unsigned NOT NULL AUTO_INCREMENT,
  `goods_id` int(10) NOT NULL,
  `category` enum('温度','甜度','大小','口味') NOT NULL,
  `property_option` varchar(10) DEFAULT NULL COMMENT '可选项，eg: 常温',
  `is_default` tinyint(1) DEFAULT '0' COMMENT '是否默认选择',
  `real_price` int(10) DEFAULT NULL COMMENT '具体价格',
  PRIMARY KEY (`id`)
) ENGINE=InnoDB AUTO_INCREMENT=14 DEFAULT CHARSET=utf8 COMMENT='商品属性，甜度，温度等';

/*Data for the table `goods_property` */

insert  into `goods_property`(`id`,`goods_id`,`category`,`property_option`,`is_default`,`real_price`) values (1,4,'大小','大杯',0,1600),(2,4,'大小','中杯',0,1200),(3,4,'大小','小杯',1,1000),(4,4,'温度','加冰',1,NULL),(5,4,'温度','常温',0,NULL),(6,4,'温度','加热',0,NULL),(7,4,'甜度','少量糖',0,NULL),(8,4,'甜度','标准糖',1,NULL),(9,4,'甜度','加糖',0,NULL),(11,8,'大小','中杯',1,1200),(12,5,'大小','中杯',0,1300),(13,5,'大小','大杯',1,1600);

/*Table structure for table `order_goods` */

DROP TABLE IF EXISTS `order_goods`;

CREATE TABLE `order_goods` (
  `order_no` varchar(30) NOT NULL,
  `goods_id` int(10) NOT NULL,
  `goods_name` varchar(20) DEFAULT NULL,
  `goods_property` varchar(30) NOT NULL,
  `buy_num` int(10) DEFAULT '0',
  `real_price` int(10) unsigned DEFAULT NULL,
  PRIMARY KEY (`order_no`,`goods_id`,`goods_property`)
) ENGINE=InnoDB DEFAULT CHARSET=utf8 COMMENT='订单商品';

/*Data for the table `order_goods` */

insert  into `order_goods`(`order_no`,`goods_id`,`goods_name`,`goods_property`,`buy_num`,`real_price`) values ('1-202103034058-1001',9,'果茶1','',3,1200),('1-202103034802-1001',4,'奶茶1','',2,1000),('1-202103054946-1001',4,'奶茶1','加冰 大杯 标准糖 ',2,1600),('1-202103054946-1001',11,'果茶3','',1,1400),('1-202103054946-1001',15,'小吃2','',2,800),('1-202103055205-1002',4,'奶茶1','加冰 小杯 标准糖 ',1,1000),('1-202103055454-1003',4,'奶茶1','加冰 大杯 标准糖 ',2,1600),('1-202103055454-1003',6,'奶茶3','',1,1200),('1-202103055454-1003',7,'奶茶4','',1,1400),('1-202103120316-1001',4,'奶茶1','加热 小杯 标准糖 ',3,1000),('1-202103160952-1001',1,'霸气橙汁','常温 大杯 标准糖 ',1,1600),('1-202103160952-1001',1,'霸气橙汁','常温 小杯 标准糖 ',1,1000),('1-202103161012-1002',1,'霸气橙汁','加热 中杯 标准糖 ',1,1200),('1-202103161012-1002',2,'香辣鸡腿','',1,450),('1-202103171144-1001',1,'霸气橙汁','常温 大杯 标准糖 ',3,1600),('1-202103171627-1002',1,'霸气橙汁','常温 小杯 标准糖 ',1,1000),('1-202103172059-1001',1,'霸气橙汁','加冰 大杯 标准糖 ',4,1600),('1-202103172402-1002',1,'霸气橙汁','常温 中杯 标准糖 ',2,1200);

/*Table structure for table `order_info` */

DROP TABLE IF EXISTS `order_info`;

CREATE TABLE `order_info` (
  `order_no` varchar(30) NOT NULL COMMENT '订单号',
  `wx_openid` varchar(50) NOT NULL,
  `order_status` enum('未付款','制作中','请取餐','配送中','已送达','已完成','已取消','退款中','已退款') NOT NULL COMMENT '订单状态',
  `take_type` enum('到店自取','外卖配送') NOT NULL COMMENT '取餐方式',
  `address_detail` varchar(100) NOT NULL COMMENT '收货地址',
  `goods_preview` varchar(500) DEFAULT '' COMMENT '商品信息eg: 奶茶*2',
  `goods_total_num` int(11) DEFAULT '0' COMMENT '商品总数',
  `total_price` int(10) unsigned DEFAULT NULL,
  `pay_price` int(10) unsigned NOT NULL COMMENT '支付金额',
  `verify_num` int(11) NOT NULL DEFAULT '0' COMMENT '取单号，一般取手机尾号',
  `extra_info` varchar(100) DEFAULT NULL COMMENT '备注',
  `create_time` timestamp NULL DEFAULT NULL COMMENT '下单时间',
  `finish_time` timestamp NULL DEFAULT NULL COMMENT '完成制作时间',
  `take_meal_time` timestamp NULL DEFAULT NULL COMMENT '取餐时间',
  `user_phone` varchar(11) NOT NULL COMMENT '用户联系电话',
  `receiver` varchar(10) DEFAULT NULL COMMENT '取餐人',
  PRIMARY KEY (`order_no`),
  KEY `createTime` (`create_time`)
) ENGINE=InnoDB DEFAULT CHARSET=utf8 COMMENT='订单';

/*Data for the table `order_info` */

insert  into `order_info`(`order_no`,`wx_openid`,`order_status`,`take_type`,`address_detail`,`goods_preview`,`goods_total_num`,`total_price`,`pay_price`,`verify_num`,`extra_info`,`create_time`,`finish_time`,`take_meal_time`,`user_phone`,`receiver`) values ('1-202103034058-1001','0','制作中','外卖配送','二区15舍,307','果茶1[]*3',3,3700,3700,9046,'','2021-03-27 03:40:58',NULL,NULL,'17058179046','陈亚如'),('1-202103034802-1001','0','制作中','外卖配送','二区15舍,307','奶茶1*2',2,2100,2100,9046,'','2021-03-27 03:48:02',NULL,NULL,'17058179046','陈亚如'),('1-202103054946-1001','0','制作中','外卖配送','二区15舍,309','奶茶1[加冰 大杯 标准糖 ]*2,果茶3*1,小吃2*2',5,6300,6300,9046,' 请放门口','2021-03-27 05:49:46',NULL,NULL,'17058179046','陈亚如'),('1-202103055205-1002','0','制作中','外卖配送','二区15舍,309','奶茶1[加冰 小杯 标准糖 ]*1',1,1100,1100,9046,'','2021-03-27 05:52:05',NULL,NULL,'17058179046','陈亚如'),('1-202103055454-1003','0','制作中','外卖配送','二区15舍,309','奶茶1[加冰 大杯 标准糖 ]*2,奶茶4*1,奶茶3*1',4,5900,5900,9046,' 请放门口','2021-03-27 05:54:54',NULL,NULL,'17058179046','陈亚如'),('1-202103120316-1001','ozcla5GmGBHYom7Om7wR7pHUX3RU','未付款','外卖配送','二区15舍,309','奶茶1[加热 小杯 标准糖 ]*3',3,3100,3100,9047,'','2021-03-27 12:03:16',NULL,NULL,'17058179047','新用户'),('1-202103160952-1001','0','已完成','到店自取','到店自取','霸气橙汁[常温 大杯 标准糖 ]*1,霸气橙汁[常温 小杯 标准糖 ]*1',2,2600,2600,9046,'','2021-03-26 16:09:52',NULL,NULL,'17058179046','陈亚如'),('1-202103161012-1002','0','已完成','外卖配送','二区15舍,309','霸气橙汁[加热 中杯 标准糖 ]*1,香辣鸡腿[]*1',2,1750,1750,9046,'','2021-03-26 16:10:12',NULL,NULL,'17058179046','陈亚如'),('1-202103171144-1001','0','已完成','外卖配送','二区15舍,309','霸气橙汁[常温 大杯 标准糖 ]*3',3,4900,4900,9046,'','2021-03-26 17:11:44',NULL,NULL,'17058179046','陈亚如'),('1-202103171627-1002','0','已完成','外卖配送','二区15舍,309','霸气橙汁[常温 小杯 标准糖 ]*1',1,1100,1100,9046,'','2021-03-26 17:16:27',NULL,NULL,'17058179046','陈亚如'),('1-202103172059-1001','0','已完成','外卖配送','二区15舍,309','霸气橙汁[加冰 大杯 标准糖 ]*4',4,6500,6500,9046,'','2021-03-26 17:20:59',NULL,NULL,'17058179046','陈亚如'),('1-202103172402-1002','0','制作中','外卖配送','二区15舍,309','霸气橙汁[常温 中杯 标准糖 ]*2',2,2500,2500,9046,'','2021-03-26 17:24:02',NULL,NULL,'17058179046','陈亚如');

/*Table structure for table `sys_admin_log` */

DROP TABLE IF EXISTS `sys_admin_log`;

CREATE TABLE `sys_admin_log` (
  `id` bigint(20) NOT NULL AUTO_INCREMENT,
  `username` varchar(10) DEFAULT NULL,
  `api` varchar(100) DEFAULT NULL COMMENT 'eg: [insert][/system/user]',
  `detail` varchar(32) DEFAULT NULL COMMENT 'eg:修改送水任务',
  `success` tinyint(1) DEFAULT NULL COMMENT '成功与否 1表示成功',
  `params` varchar(5000) DEFAULT NULL COMMENT '请求参数',
  `result` text COMMENT '返回结果',
  `method` varchar(256) DEFAULT NULL COMMENT 'eg: com.yu.waterstation.app.xxx.yyy()',
  `ip` varchar(50) DEFAULT NULL COMMENT 'ip地址',
  `timestamp` datetime DEFAULT NULL COMMENT '操作时间',
  PRIMARY KEY (`id`)
) ENGINE=InnoDB AUTO_INCREMENT=162 DEFAULT CHARSET=utf8 COMMENT='管理员操作日志';

/*Data for the table `sys_admin_log` */

insert  into `sys_admin_log`(`id`,`username`,`api`,`detail`,`success`,`params`,`result`,`method`,`ip`,`timestamp`) values (9,'system','[DELETE] /system/student/batch','批量删除',0,'[[43]]',NULL,'com.yu.waterstation.modules.app.controller.StudentController.delete','0:0:0:0:0:0:0:1','2020-12-22 01:41:00'),(10,'system','[POST] /system/student','增加',0,'[Student(id=44, studentNo=201803654, openid=null, password=4QrcOUm6Wau+VuBX8g+IPg==, addressId=null, name=null, status=true)]',NULL,'com.yu.waterstation.modules.app.controller.StudentController.add','0:0:0:0:0:0:0:1','2020-12-22 01:41:00'),(16,'system','[PUT] /system/worker/resetPassword/1','重置密码',0,'[1]','{\"code\":200,\"data\":1,\"message\":\"成功\"}','com.yu.waterstation.modules.app.controller.WorkerController.update','0:0:0:0:0:0:0:1','2020-12-22 01:47:32'),(20,'system','[PUT] /system/address','修改',0,'[Address(id=1, area=老区, dorm=1舍, room=101, taskStatus=false, waterPrice=13, bucketNum=1, oweTicketNum=0, lastTime=Tue Dec 01 09:44:00 CST 1970)]','{\"code\":200,\"data\":1,\"message\":\"成功\"}','com.yu.waterstation.modules.app.controller.AddressController.update','0:0:0:0:0:0:0:1','2020-12-22 01:48:10'),(59,'system','[PUT] /system/sysUser/status/2/false','更新账号激活状态',1,'[2, false]','{\"code\":200,\"data\":1,\"message\":\"成功\"}','com.yu.waterstation.modules.system.controller.SysUserController.updateStatus','101.206.167.191','2020-12-22 22:50:13'),(60,'system','[PUT] /system/sysUser/status/2/true','更新账号激活状态',1,'[2, true]','{\"code\":200,\"data\":1,\"message\":\"成功\"}','com.yu.waterstation.modules.system.controller.SysUserController.updateStatus','101.206.167.191','2020-12-22 22:50:14'),(61,'system','[DELETE] /system/student/batch','批量删除',1,'[[44]]','{\"code\":200,\"data\":1,\"message\":\"成功\"}','com.yu.waterstation.modules.app.controller.StudentController.delete','101.206.167.191','2020-12-22 22:50:47'),(62,'system','[PUT] /system/student','修改',1,'[Student(id=0, studentNo=null, openid=null, password=null, addressId=null, name=null, status=false)]','{\"code\":200,\"data\":1,\"message\":\"成功\"}','com.yu.waterstation.modules.app.controller.StudentController.update','101.206.167.191','2020-12-22 22:50:50'),(63,'system','[PUT] /system/student','修改',1,'[Student(id=0, studentNo=null, openid=null, password=null, addressId=null, name=null, status=true)]','{\"code\":200,\"data\":1,\"message\":\"成功\"}','com.yu.waterstation.modules.app.controller.StudentController.update','101.206.167.191','2020-12-22 22:50:51'),(64,'system','[PUT] /system/student','修改',1,'[Student(id=0, studentNo=null, openid=null, password=null, addressId=null, name=null, status=false)]','{\"code\":200,\"data\":1,\"message\":\"成功\"}','com.yu.waterstation.modules.app.controller.StudentController.update','101.206.167.191','2020-12-22 22:50:53'),(65,'system','[PUT] /system/student','修改',1,'[Student(id=0, studentNo=null, openid=null, password=null, addressId=null, name=null, status=true)]','{\"code\":200,\"data\":1,\"message\":\"成功\"}','com.yu.waterstation.modules.app.controller.StudentController.update','101.206.167.191','2020-12-22 22:51:21'),(66,'visitor','[POST] /daKa',NULL,1,'[DaKa(id=null, name=null, randomHour=null, url=null, params=null, userAgent=null, cookie=null)]','{\"code\":400,\"message\":\"参数错误或无效的打卡\"}','com.yu.waterstation.modules.temp.controller.DaKaController.daKaAll','101.206.167.191','2020-12-22 22:52:23'),(67,'system','[PUT] /system/address/taskStatus/6','切换叫水状态（叫水或取消叫水）',1,'[6, eyJ0eXAiOiJKV1QiLCJhbGciOiJIUzI1NiJ9.eyJ1c2VySWQiOjF9.TaBY1KOlGJX_g09n2AWqyODNfBVZjkJIh8pn4LtYw30]','{\"code\":200,\"message\":\"成功\"}','com.yu.waterstation.modules.app.controller.AddressController.updateTaskStatus','0:0:0:0:0:0:0:1','2021-03-14 21:36:57'),(68,'system','[PUT] /system/address/taskStatus/5','切换叫水状态（叫水或取消叫水）',1,'[5, eyJ0eXAiOiJKV1QiLCJhbGciOiJIUzI1NiJ9.eyJ1c2VySWQiOjF9.TaBY1KOlGJX_g09n2AWqyODNfBVZjkJIh8pn4LtYw30]','{\"code\":200,\"message\":\"成功\"}','com.yu.waterstation.modules.app.controller.AddressController.updateTaskStatus','0:0:0:0:0:0:0:1','2021-03-14 21:42:42'),(69,'system','[PUT] /system/address/taskStatus/4','切换叫水状态（叫水或取消叫水）',1,'[4, eyJ0eXAiOiJKV1QiLCJhbGciOiJIUzI1NiJ9.eyJ1c2VySWQiOjF9.TaBY1KOlGJX_g09n2AWqyODNfBVZjkJIh8pn4LtYw30]','{\"code\":200,\"message\":\"成功\"}','com.yu.waterstation.modules.app.controller.AddressController.updateTaskStatus','0:0:0:0:0:0:0:1','2021-03-14 21:42:45'),(70,'system','[PUT] /system/address/taskStatus/2','切换叫水状态（叫水或取消叫水）',1,'[2, eyJ0eXAiOiJKV1QiLCJhbGciOiJIUzI1NiJ9.eyJ1c2VySWQiOjF9.TaBY1KOlGJX_g09n2AWqyODNfBVZjkJIh8pn4LtYw30]','{\"code\":200,\"message\":\"成功\"}','com.yu.waterstation.modules.app.controller.AddressController.updateTaskStatus','0:0:0:0:0:0:0:1','2021-03-14 21:44:33'),(71,'system','[PUT] /system/student','修改',0,'[Student(id=0, collegeId=null, studentNo=null, wxOpenid=null, password=null, addressId=null, name=null, status=false, wxAvatar=null)]','学号格式不正确','com.yu.waterstation.modules.app.controller.StudentController.update','0:0:0:0:0:0:0:1','2021-03-14 22:18:11'),(72,'system','[PUT] /system/student','修改',0,'[Student(id=1, collegeId=null, studentNo=null, wxOpenid=null, password=null, addressId=null, name=null, status=false, wxAvatar=null)]','学号格式不正确','com.yu.waterstation.modules.app.controller.StudentController.update','0:0:0:0:0:0:0:1','2021-03-14 22:19:06'),(73,'system','[PUT] /system/student','修改',1,'[Student(id=0, collegeId=null, studentNo=null, wxOpenid=null, password=null, addressId=null, name=null, status=false, wxAvatar=null)]','{\"code\":200,\"data\":0,\"message\":\"成功\"}','com.yu.waterstation.modules.app.controller.StudentController.update','0:0:0:0:0:0:0:1','2021-03-14 22:20:30'),(74,'system','[PUT] /system/student','修改',1,'[Student(id=0, collegeId=null, studentNo=null, wxOpenid=null, password=null, addressId=null, name=null, status=true, wxAvatar=null)]','{\"code\":200,\"data\":0,\"message\":\"成功\"}','com.yu.waterstation.modules.app.controller.StudentController.update','0:0:0:0:0:0:0:1','2021-03-14 22:20:31'),(75,'system','[PUT] /system/student','修改',1,'[Student(id=0, collegeId=null, studentNo=123456789, wxOpenid=null, password=null, addressId=null, name=学生-游客, status=true, wxAvatar=null)]','{\"code\":200,\"data\":1,\"message\":\"成功\"}','com.yu.waterstation.modules.app.controller.StudentController.update','0:0:0:0:0:0:0:1','2021-03-14 22:31:36'),(76,'system','[PUT] /system/student','修改',1,'[Student(id=0, collegeId=null, studentNo=123452222, wxOpenid=null, password=null, addressId=null, name=学生-游客, status=true, wxAvatar=null)]','{\"code\":200,\"data\":1,\"message\":\"成功\"}','com.yu.waterstation.modules.app.controller.StudentController.update','0:0:0:0:0:0:0:1','2021-03-14 22:31:48'),(77,'system','[PUT] /system/student','修改',1,'[Student(id=0, collegeId=null, studentNo=123456789, wxOpenid=null, password=null, addressId=null, name=学生-游客, status=true, wxAvatar=null)]','{\"code\":200,\"data\":1,\"message\":\"成功\"}','com.yu.waterstation.modules.app.controller.StudentController.update','0:0:0:0:0:0:0:1','2021-03-14 22:31:59'),(78,'system','[DELETE] /system/student/batch','批量删除',1,'[[5]]','{\"code\":200,\"data\":1,\"message\":\"成功\"}','com.yu.waterstation.modules.app.controller.StudentController.delete','0:0:0:0:0:0:0:1','2021-03-14 22:32:02'),(79,'system','[POST] /system/student','增加',1,'[Student(id=6, collegeId=1, studentNo=201803655, wxOpenid=null, password=4QrcOUm6Wau+VuBX8g+IPg==, addressId=null, name=null, status=true, wxAvatar=null)]','{\"code\":200,\"data\":1,\"message\":\"成功\"}','com.yu.waterstation.modules.app.controller.StudentController.add','0:0:0:0:0:0:0:1','2021-03-14 22:32:02'),(80,'system','[PUT] /system/student','修改',1,'[Student(id=6, collegeId=null, studentNo=201803655, wxOpenid=null, password=null, addressId=null, name=邓浩丹, status=true, wxAvatar=null)]','{\"code\":200,\"data\":1,\"message\":\"成功\"}','com.yu.waterstation.modules.app.controller.StudentController.update','0:0:0:0:0:0:0:1','2021-03-14 22:32:09'),(81,'system','[PUT] /system/student','修改',1,'[Student(id=6, collegeId=null, studentNo=null, wxOpenid=null, password=null, addressId=null, name=null, status=false, wxAvatar=null)]','{\"code\":200,\"data\":1,\"message\":\"成功\"}','com.yu.waterstation.modules.app.controller.StudentController.update','0:0:0:0:0:0:0:1','2021-03-14 22:32:12'),(82,'system','[PUT] /system/student','修改',1,'[Student(id=6, collegeId=null, studentNo=null, wxOpenid=null, password=null, addressId=null, name=null, status=true, wxAvatar=null)]','{\"code\":200,\"data\":1,\"message\":\"成功\"}','com.yu.waterstation.modules.app.controller.StudentController.update','0:0:0:0:0:0:0:1','2021-03-14 22:32:13'),(83,'system','[POST] /system/student','增加',1,'[Student(id=7, collegeId=1, studentNo=222222222, wxOpenid=null, password=4QrcOUm6Wau+VuBX8g+IPg==, addressId=null, name=22, status=true, wxAvatar=null)]','{\"code\":200,\"data\":1,\"message\":\"成功\"}','com.yu.waterstation.modules.app.controller.StudentController.add','0:0:0:0:0:0:0:1','2021-03-14 22:32:24'),(84,'system','[DELETE] /system/student/batch','批量删除',1,'[[7]]','{\"code\":200,\"data\":1,\"message\":\"成功\"}','com.yu.waterstation.modules.app.controller.StudentController.delete','0:0:0:0:0:0:0:1','2021-03-14 22:32:33'),(85,'system','[PUT] /system/worker','修改',1,'[Worker(id=0, collegeId=null, phone=null, wxOpenid=null, password=null, status=false, name=null, wxAvatar=null)]','{\"code\":200,\"data\":1,\"message\":\"成功\"}','com.yu.waterstation.modules.app.controller.WorkerController.update','0:0:0:0:0:0:0:1','2021-03-14 22:37:54'),(86,'system','[PUT] /system/worker','修改',1,'[Worker(id=0, collegeId=null, phone=null, wxOpenid=null, password=null, status=true, name=null, wxAvatar=null)]','{\"code\":200,\"data\":1,\"message\":\"成功\"}','com.yu.waterstation.modules.app.controller.WorkerController.update','0:0:0:0:0:0:0:1','2021-03-14 22:37:56'),(87,'system','[POST] /system/worker','增加',1,'[Worker(id=2, collegeId=1, phone=13133333333, wxOpenid=null, password=4QrcOUm6Wau+VuBX8g+IPg==, status=true, name=3331, wxAvatar=null)]','{\"code\":200,\"data\":1,\"message\":\"成功\"}','com.yu.waterstation.modules.app.controller.WorkerController.add','0:0:0:0:0:0:0:1','2021-03-14 22:38:04'),(88,'system','[PUT] /system/worker','修改',1,'[Worker(id=1, collegeId=1, phone=17058179022, wxOpenid=oK3r84teJdc7oStGn_hpRc0B2FcA, password=4QrcOUm6Wau+VuBX8g+IPg==, status=true, name=陈亚如1, wxAvatar=https://thirdwx.qlogo.cn/mmopen/vi_32/AaOmN48mu4flvWr46JVd3o8WzI397ToGjFqENnsVuHFl6c10QKKHHbvPDxVB6uicNembZtuuU2To8HByBmRxL9w/132)]','{\"code\":200,\"data\":1,\"message\":\"成功\"}','com.yu.waterstation.modules.app.controller.WorkerController.update','0:0:0:0:0:0:0:1','2021-03-14 22:38:10'),(89,'system','[PUT] /system/worker','修改',1,'[Worker(id=1, collegeId=1, phone=17058179046, wxOpenid=oK3r84teJdc7oStGn_hpRc0B2FcA, password=4QrcOUm6Wau+VuBX8g+IPg==, status=true, name=陈亚如1, wxAvatar=https://thirdwx.qlogo.cn/mmopen/vi_32/AaOmN48mu4flvWr46JVd3o8WzI397ToGjFqENnsVuHFl6c10QKKHHbvPDxVB6uicNembZtuuU2To8HByBmRxL9w/132)]','{\"code\":200,\"data\":1,\"message\":\"成功\"}','com.yu.waterstation.modules.app.controller.WorkerController.update','0:0:0:0:0:0:0:1','2021-03-14 22:38:23'),(90,'system','[PUT] /system/worker/resetPassword/2','重置密码',1,'[2]','{\"code\":200,\"data\":1,\"message\":\"成功\"}','com.yu.waterstation.modules.app.controller.WorkerController.update','0:0:0:0:0:0:0:1','2021-03-14 22:38:26'),(91,'system','[DELETE] /system/worker/batch','批量删除',1,'[[2]]','{\"code\":200,\"data\":1,\"message\":\"成功\"}','com.yu.waterstation.modules.app.controller.WorkerController.delete','0:0:0:0:0:0:0:1','2021-03-14 22:38:28'),(92,'system','[PUT] /system/address','修改',1,'[Address(id=1, collegeId=1, dorm=二区15舍, room=309, waterPrice=13, bucketNum=2, ticketNum=10, lastTime=Sat Mar 14 15:37:00 CST 1970)]','{\"code\":200,\"data\":1,\"message\":\"成功\"}','com.yu.waterstation.modules.app.controller.AddressController.update','0:0:0:0:0:0:0:1','2021-03-14 23:06:51'),(93,'system','[POST] /system/address','增加',1,'[Address(id=16, collegeId=1, dorm=二区15舍, room=308, waterPrice=13, bucketNum=1, ticketNum=10, lastTime=null)]','{\"code\":200,\"data\":1,\"message\":\"成功\"}','com.yu.waterstation.modules.app.controller.AddressController.add','0:0:0:0:0:0:0:1','2021-03-14 23:07:43'),(94,'system','[POST] /system/address','增加',1,'[Address(id=17, collegeId=1, dorm=111, room=11, waterPrice=13, bucketNum=1, ticketNum=10, lastTime=null)]','{\"code\":200,\"data\":1,\"message\":\"成功\"}','com.yu.waterstation.modules.app.controller.AddressController.add','0:0:0:0:0:0:0:1','2021-03-14 23:14:59'),(95,'system','[DELETE] /system/address/batch','批量删除',1,'[[17]]','{\"code\":200,\"data\":1,\"message\":\"成功\"}','com.yu.waterstation.modules.app.controller.AddressController.delete','0:0:0:0:0:0:0:1','2021-03-14 23:15:04'),(96,'system','[PUT] /system/address/taskStatus/13','切换叫水状态（叫水或取消叫水）',1,'[13, eyJ0eXAiOiJKV1QiLCJhbGciOiJIUzI1NiJ9.eyJjb2xsZWdlSWQiOjEsInVzZXJJZCI6MX0.An2qxIXvTf9hHlSMKg3wvrfz-J9NPWG7J2xLxoMlQL8]','{\"code\":200,\"message\":\"成功\"}','com.yu.waterstation.modules.app.controller.AddressController.updateTaskStatus','0:0:0:0:0:0:0:1','2021-03-15 13:34:59'),(97,'system','[PUT] /system/address/taskStatus/13','切换叫水状态（叫水或取消叫水）',1,'[13, eyJ0eXAiOiJKV1QiLCJhbGciOiJIUzI1NiJ9.eyJjb2xsZWdlSWQiOjEsInVzZXJJZCI6MX0.An2qxIXvTf9hHlSMKg3wvrfz-J9NPWG7J2xLxoMlQL8]','{\"code\":200,\"message\":\"成功\"}','com.yu.waterstation.modules.app.controller.AddressController.updateTaskStatus','0:0:0:0:0:0:0:1','2021-03-15 13:35:06'),(98,'system','[PUT] /system/address/taskStatus/2','切换叫水状态（叫水或取消叫水）',1,'[2, eyJ0eXAiOiJKV1QiLCJhbGciOiJIUzI1NiJ9.eyJjb2xsZWdlSWQiOjEsInVzZXJJZCI6MX0.An2qxIXvTf9hHlSMKg3wvrfz-J9NPWG7J2xLxoMlQL8]','{\"code\":200,\"message\":\"成功\"}','com.yu.waterstation.modules.app.controller.AddressController.updateTaskStatus','0:0:0:0:0:0:0:1','2021-03-15 13:47:23'),(99,'system','[PUT] /system/address/taskStatus/2','切换叫水状态（叫水或取消叫水）',1,'[2, eyJ0eXAiOiJKV1QiLCJhbGciOiJIUzI1NiJ9.eyJjb2xsZWdlSWQiOjEsInVzZXJJZCI6MX0.An2qxIXvTf9hHlSMKg3wvrfz-J9NPWG7J2xLxoMlQL8]','{\"code\":200,\"message\":\"成功\"}','com.yu.waterstation.modules.app.controller.AddressController.updateTaskStatus','0:0:0:0:0:0:0:1','2021-03-15 13:47:25'),(100,'system','[POST] /system/address','增加',1,'[Address(id=18, collegeId=1, dorm=研究生公寓28舍, room=309, waterPrice=13, bucketNum=1, ticketNum=null, lastTime=null, taskStatus=false)]','{\"code\":200,\"data\":1,\"message\":\"成功\"}','com.yu.waterstation.modules.app.controller.AddressController.add','0:0:0:0:0:0:0:1','2021-03-15 13:48:44'),(101,'system','[PUT] /system/address/taskStatus/18','切换叫水状态（叫水或取消叫水）',1,'[18, eyJ0eXAiOiJKV1QiLCJhbGciOiJIUzI1NiJ9.eyJjb2xsZWdlSWQiOjEsInVzZXJJZCI6MX0.An2qxIXvTf9hHlSMKg3wvrfz-J9NPWG7J2xLxoMlQL8]','{\"code\":200,\"message\":\"成功\"}','com.yu.waterstation.modules.app.controller.AddressController.updateTaskStatus','0:0:0:0:0:0:0:1','2021-03-15 13:48:50'),(102,'system','[PUT] /system/address/taskStatus/18','切换叫水状态（叫水或取消叫水）',1,'[18, eyJ0eXAiOiJKV1QiLCJhbGciOiJIUzI1NiJ9.eyJjb2xsZWdlSWQiOjEsInVzZXJJZCI6MX0.An2qxIXvTf9hHlSMKg3wvrfz-J9NPWG7J2xLxoMlQL8]','{\"code\":200,\"message\":\"成功\"}','com.yu.waterstation.modules.app.controller.AddressController.updateTaskStatus','0:0:0:0:0:0:0:1','2021-03-15 13:48:53'),(103,'system','[PUT] /system/address/taskStatus/18','切换叫水状态（叫水或取消叫水）',0,'[18, eyJ0eXAiOiJKV1QiLCJhbGciOiJIUzI1NiJ9.eyJjb2xsZWdlSWQiOjEsInVzZXJJZCI6MX0.An2qxIXvTf9hHlSMKg3wvrfz-J9NPWG7J2xLxoMlQL8]','水票数量不够','com.yu.waterstation.modules.app.controller.AddressController.updateTaskStatus','0:0:0:0:0:0:0:1','2021-03-15 13:50:51'),(104,'system','[POST] /system/address','增加',1,'[Address(id=19, collegeId=1, dorm=32, room=32, waterPrice=13, bucketNum=1, ticketNum=null, lastTime=null, taskStatus=false)]','{\"code\":200,\"data\":1,\"message\":\"成功\"}','com.yu.waterstation.modules.app.controller.AddressController.add','0:0:0:0:0:0:0:1','2021-03-15 13:52:10'),(105,'system','[DELETE] /system/address/batch','批量删除',1,'[[19]]','{\"code\":200,\"data\":1,\"message\":\"成功\"}','com.yu.waterstation.modules.app.controller.AddressController.delete','0:0:0:0:0:0:0:1','2021-03-15 13:52:52'),(106,'system','[POST] /system/address','增加',1,'[Address(id=20, collegeId=1, dorm=新区2222, room=2222, waterPrice=13, bucketNum=1, ticketNum=null, lastTime=null, taskStatus=false)]','{\"code\":200,\"data\":1,\"message\":\"成功\"}','com.yu.waterstation.modules.app.controller.AddressController.add','0:0:0:0:0:0:0:1','2021-03-15 13:53:31'),(107,'system','[DELETE] /system/address/batch','批量删除',1,'[[20]]','{\"code\":200,\"data\":1,\"message\":\"成功\"}','com.yu.waterstation.modules.app.controller.AddressController.delete','0:0:0:0:0:0:0:1','2021-03-15 13:53:42'),(108,'system','[PUT] /system/address','修改',1,'[Address(id=18, collegeId=1, dorm=研究生公寓28舍, room=309, waterPrice=13, bucketNum=1, ticketNum=10, lastTime=null, taskStatus=false)]','{\"code\":200,\"data\":1,\"message\":\"成功\"}','com.yu.waterstation.modules.app.controller.AddressController.update','0:0:0:0:0:0:0:1','2021-03-15 13:54:19'),(109,'system','[PUT] /system/address','修改',1,'[Address(id=18, collegeId=1, dorm=研究生公寓28舍, room=309, waterPrice=13, bucketNum=1, ticketNum=10, lastTime=null, taskStatus=false)]','{\"code\":200,\"data\":1,\"message\":\"成功\"}','com.yu.waterstation.modules.app.controller.AddressController.update','0:0:0:0:0:0:0:1','2021-03-15 13:54:26'),(110,'system','[PUT] /system/address','修改',1,'[Address(id=18, collegeId=1, dorm=研究生公寓28舍, room=309, waterPrice=13, bucketNum=1, ticketNum=100, lastTime=null, taskStatus=false)]','{\"code\":200,\"data\":1,\"message\":\"成功\"}','com.yu.waterstation.modules.app.controller.AddressController.update','0:0:0:0:0:0:0:1','2021-03-15 13:55:09'),(111,'system','[POST] /system/address','增加',1,'[Address(id=21, collegeId=1, dorm=22, room=22, waterPrice=13, bucketNum=1, ticketNum=0, lastTime=null, taskStatus=false)]','{\"code\":200,\"data\":1,\"message\":\"成功\"}','com.yu.waterstation.modules.app.controller.AddressController.add','0:0:0:0:0:0:0:1','2021-03-15 13:55:52'),(112,'system','[POST] /system/address','增加',0,'[Address(id=null, collegeId=1, dorm=22, room=22, waterPrice=13, bucketNum=1, ticketNum=0, lastTime=null, taskStatus=false)]','\r\n### Error updating database.  Cause: java.sql.SQLIntegrityConstraintViolationException: Duplicate entry \'1-22-22\' for key \'collegeId_dorm_room\'\r\n### The error may exist in com/yu/waterstation/modules/app/mapper/AddressMapper.java (best guess)\r\n### The error may involve com.yu.waterstation.modules.app.mapper.AddressMapper.insert-Inline\r\n### The error occurred while setting parameters\r\n### SQL: INSERT INTO address  ( college_id, dorm, room, water_price, bucket_num, ticket_num )  VALUES  ( ?, ?, ?, ?, ?, ? )\r\n### Cause: java.sql.SQLIntegrityConstraintViolationException: Duplicate entry \'1-22-22\' for key \'collegeId_dorm_room\'\n; Duplicate entry \'1-22-22\' for key \'collegeId_dorm_room\'; nested exception is java.sql.SQLIntegrityConstraintViolationException: Duplicate entry \'1-22-22\' for key \'collegeId_dorm_room\'','com.yu.waterstation.modules.app.controller.AddressController.add','0:0:0:0:0:0:0:1','2021-03-15 13:55:52'),(113,'system','[POST] /system/address','增加',1,'[Address(id=23, collegeId=1, dorm=2, room=2, waterPrice=13, bucketNum=1, ticketNum=0, lastTime=null, taskStatus=false)]','{\"code\":200,\"data\":1,\"message\":\"成功\"}','com.yu.waterstation.modules.app.controller.AddressController.add','0:0:0:0:0:0:0:1','2021-03-15 13:55:58'),(114,'system','[DELETE] /system/address/batch','批量删除',1,'[[21]]','{\"code\":200,\"data\":1,\"message\":\"成功\"}','com.yu.waterstation.modules.app.controller.AddressController.delete','0:0:0:0:0:0:0:1','2021-03-15 13:56:27'),(115,'system','[POST] /system/address','增加',1,'[Address(id=24, collegeId=1, dorm=鳄, room=2, waterPrice=13, bucketNum=1, ticketNum=0, lastTime=null, taskStatus=false)]','{\"code\":200,\"data\":1,\"message\":\"成功\"}','com.yu.waterstation.modules.app.controller.AddressController.add','0:0:0:0:0:0:0:1','2021-03-15 13:57:25'),(116,'system','[PUT] /system/address','修改',1,'[Address(id=24, collegeId=1, dorm=鳄, room=2, waterPrice=13, bucketNum=1, ticketNum=0, lastTime=null, taskStatus=false)]','{\"code\":200,\"data\":1,\"message\":\"成功\"}','com.yu.waterstation.modules.app.controller.AddressController.update','0:0:0:0:0:0:0:1','2021-03-15 13:57:39'),(117,'system','[PUT] /system/address/taskStatus/23','切换叫水状态（叫水或取消叫水）',0,'[23, eyJ0eXAiOiJKV1QiLCJhbGciOiJIUzI1NiJ9.eyJjb2xsZWdlSWQiOjEsInVzZXJJZCI6MX0.An2qxIXvTf9hHlSMKg3wvrfz-J9NPWG7J2xLxoMlQL8]','水票数量不够','com.yu.waterstation.modules.app.controller.AddressController.updateTaskStatus','0:0:0:0:0:0:0:1','2021-03-15 13:57:47'),(118,'system','[PUT] /system/address','修改',1,'[Address(id=23, collegeId=1, dorm=2, room=2, waterPrice=13, bucketNum=1, ticketNum=22, lastTime=null, taskStatus=false)]','{\"code\":200,\"data\":1,\"message\":\"成功\"}','com.yu.waterstation.modules.app.controller.AddressController.update','0:0:0:0:0:0:0:1','2021-03-15 13:57:52'),(119,'system','[PUT] /system/address/taskStatus/23','切换叫水状态（叫水或取消叫水）',1,'[23, eyJ0eXAiOiJKV1QiLCJhbGciOiJIUzI1NiJ9.eyJjb2xsZWdlSWQiOjEsInVzZXJJZCI6MX0.An2qxIXvTf9hHlSMKg3wvrfz-J9NPWG7J2xLxoMlQL8]','{\"code\":200,\"message\":\"成功\"}','com.yu.waterstation.modules.app.controller.AddressController.updateTaskStatus','0:0:0:0:0:0:0:1','2021-03-15 13:57:55'),(120,'system','[DELETE] /system/address/batch','批量删除',1,'[[23]]','{\"code\":200,\"data\":1,\"message\":\"成功\"}','com.yu.waterstation.modules.app.controller.AddressController.delete','0:0:0:0:0:0:0:1','2021-03-15 14:01:37'),(121,'system','[DELETE] /system/address/batch','批量删除',1,'[[24]]','{\"code\":200,\"data\":1,\"message\":\"成功\"}','com.yu.waterstation.modules.app.controller.AddressController.delete','0:0:0:0:0:0:0:1','2021-03-15 14:01:42'),(122,'system','[POST] /system/address','增加',1,'[Address(id=25, collegeId=1, dorm=老区7舍, room=302, waterPrice=13, bucketNum=1, ticketNum=11, lastTime=null, taskStatus=false)]','{\"code\":200,\"data\":1,\"message\":\"成功\"}','com.yu.waterstation.modules.app.controller.AddressController.add','0:0:0:0:0:0:0:1','2021-03-15 14:01:57'),(123,'system','[POST] /system/address','增加',1,'[Address(id=26, collegeId=1, dorm=老区7舍, room=101, waterPrice=13, bucketNum=1, ticketNum=101, lastTime=null, taskStatus=false)]','{\"code\":200,\"data\":1,\"message\":\"成功\"}','com.yu.waterstation.modules.app.controller.AddressController.add','0:0:0:0:0:0:0:1','2021-03-15 14:02:11'),(124,'system','[PUT] /system/address/taskStatus/25','切换叫水状态（叫水或取消叫水）',1,'[25, eyJ0eXAiOiJKV1QiLCJhbGciOiJIUzI1NiJ9.eyJjb2xsZWdlSWQiOjEsInVzZXJJZCI6MX0.An2qxIXvTf9hHlSMKg3wvrfz-J9NPWG7J2xLxoMlQL8]','{\"code\":200,\"message\":\"成功\"}','com.yu.waterstation.modules.app.controller.AddressController.updateTaskStatus','0:0:0:0:0:0:0:1','2021-03-15 14:02:19'),(125,'system','[DELETE] /system/student/address/1','重置学生寝室(或移除寝室)',1,'[1]','{\"code\":200,\"data\":1,\"message\":\"成功\"}','com.yu.waterstation.modules.app.controller.StudentController.removeAddressOfStudent','0:0:0:0:0:0:0:1','2021-03-15 14:05:22'),(126,'system','[PUT] /system/sysUser/role/3','角色授权',1,'[3, [3]]','{\"code\":200,\"message\":\"成功\"}','com.yu.waterstation.modules.system.controller.SysUserController.setRole','0:0:0:0:0:0:0:1','2021-03-15 14:22:02'),(127,'system','[PUT] /system/role/permission','修改角色的权限',1,'[UpdateRolePermissionVo(roleId=2, permissions=[system:address:add, system:address:delete, system:address:update, system:address:list, system:student:add, system:student:delete, system:student:update, system:student:list, system:worker:add, system:worker:delete, system:worker:update, system:worker:list, system:taskLog:add, system:taskLog:delete, system:taskLog:update, system:taskLog:list])]','{\"code\":200,\"message\":\"成功\"}','com.yu.waterstation.modules.system.controller.RoleController.updateRolePermission','0:0:0:0:0:0:0:1','2021-03-15 14:22:36'),(128,'system','[PUT] /system/role/permission','修改角色的权限',1,'[UpdateRolePermissionVo(roleId=1, permissions=[system:address:add, system:address:delete, system:address:update, system:address:list, system:student:add, system:student:delete, system:student:update, system:student:list, system:worker:add, system:worker:delete, system:worker:update, system:worker:list, system:taskLog:add, system:taskLog:delete, system:taskLog:update, system:taskLog:list, system:timingTask:list, system:loginLog:list, system:adminLog:list, system:sysUser:add, system:sysUser:delete, system:sysUser:update, system:sysUser:list, system:role:add, system:role:delete, system:role:update, system:role:list, system:swagger, system:setting:add, system:setting:delete, system:setting:update, system:setting:list])]','{\"code\":200,\"message\":\"成功\"}','com.yu.waterstation.modules.system.controller.RoleController.updateRolePermission','0:0:0:0:0:0:0:1','2021-03-15 14:22:38'),(129,'system','[PUT] /system/role/permission','修改角色的权限',1,'[UpdateRolePermissionVo(roleId=3, permissions=[system:address:add, system:address:delete, system:address:update, system:address:list, system:student:add, system:student:delete, system:student:update, system:student:list, system:worker:add, system:worker:delete, system:worker:update, system:worker:list, system:taskLog:add, system:taskLog:delete, system:taskLog:update, system:taskLog:list, system:timingTask:list, system:loginLog:list, system:adminLog:list, system:sysUser:add, system:sysUser:delete, system:sysUser:update, system:sysUser:list, system:role:add, system:role:delete, system:role:update, system:role:list, system:swagger, system:setting:add, system:setting:delete, system:setting:update, system:setting:list])]','{\"code\":200,\"message\":\"成功\"}','com.yu.waterstation.modules.system.controller.RoleController.updateRolePermission','0:0:0:0:0:0:0:1','2021-03-15 14:22:57'),(130,'visitor','[PUT] /system/address/taskStatus/2','切换叫水状态（叫水或取消叫水）',0,'[2, eyJ0eXAiOiJKV1QiLCJhbGciOiJIUzI1NiJ9.eyJjb2xsZWdlSWQiOjEsInVzZXJJZCI6M30.d-lmfaV3yxwffddgZO9VaRaC2EjLdOS_bxOZ8A2BM9Q]','\r\n### Error updating database.  Cause: com.mysql.cj.jdbc.exceptions.MysqlDataTruncation: Data truncation: Data too long for column \'publisher\' at row 1\r\n### The error may exist in com/yu/waterstation/modules/app/mapper/TaskMapper.java (best guess)\r\n### The error may involve com.yu.waterstation.modules.app.mapper.TaskMapper.insert-Inline\r\n### The error occurred while setting parameters\r\n### SQL: INSERT INTO task  ( address_id, publisher, timestamp )  VALUES  ( ?, ?, ? )\r\n### Cause: com.mysql.cj.jdbc.exceptions.MysqlDataTruncation: Data truncation: Data too long for column \'publisher\' at row 1\n; Data truncation: Data too long for column \'publisher\' at row 1; nested exception is com.mysql.cj.jdbc.exceptions.MysqlDataTruncation: Data truncation: Data too long for column \'publisher\' at row 1','com.yu.waterstation.modules.app.controller.AddressController.updateTaskStatus','0:0:0:0:0:0:0:1','2021-03-15 14:23:10'),(131,'visitor','[PUT] /system/address/taskStatus/2','切换叫水状态（叫水或取消叫水）',0,'[2, eyJ0eXAiOiJKV1QiLCJhbGciOiJIUzI1NiJ9.eyJjb2xsZWdlSWQiOjEsInVzZXJJZCI6M30.d-lmfaV3yxwffddgZO9VaRaC2EjLdOS_bxOZ8A2BM9Q]','\r\n### Error updating database.  Cause: com.mysql.cj.jdbc.exceptions.MysqlDataTruncation: Data truncation: Data too long for column \'publisher\' at row 1\r\n### The error may exist in com/yu/waterstation/modules/app/mapper/TaskMapper.java (best guess)\r\n### The error may involve com.yu.waterstation.modules.app.mapper.TaskMapper.insert-Inline\r\n### The error occurred while setting parameters\r\n### SQL: INSERT INTO task  ( address_id, publisher, timestamp )  VALUES  ( ?, ?, ? )\r\n### Cause: com.mysql.cj.jdbc.exceptions.MysqlDataTruncation: Data truncation: Data too long for column \'publisher\' at row 1\n; Data truncation: Data too long for column \'publisher\' at row 1; nested exception is com.mysql.cj.jdbc.exceptions.MysqlDataTruncation: Data truncation: Data too long for column \'publisher\' at row 1','com.yu.waterstation.modules.app.controller.AddressController.updateTaskStatus','0:0:0:0:0:0:0:1','2021-03-15 14:23:13'),(132,'visitor','[PUT] /system/address/taskStatus/2','切换叫水状态（叫水或取消叫水）',0,'[2, eyJ0eXAiOiJKV1QiLCJhbGciOiJIUzI1NiJ9.eyJjb2xsZWdlSWQiOjEsInVzZXJJZCI6M30.d-lmfaV3yxwffddgZO9VaRaC2EjLdOS_bxOZ8A2BM9Q]','\r\n### Error updating database.  Cause: com.mysql.cj.jdbc.exceptions.MysqlDataTruncation: Data truncation: Data too long for column \'publisher\' at row 1\r\n### The error may exist in com/yu/waterstation/modules/app/mapper/TaskMapper.java (best guess)\r\n### The error may involve com.yu.waterstation.modules.app.mapper.TaskMapper.insert-Inline\r\n### The error occurred while setting parameters\r\n### SQL: INSERT INTO task  ( address_id, publisher, timestamp )  VALUES  ( ?, ?, ? )\r\n### Cause: com.mysql.cj.jdbc.exceptions.MysqlDataTruncation: Data truncation: Data too long for column \'publisher\' at row 1\n; Data truncation: Data too long for column \'publisher\' at row 1; nested exception is com.mysql.cj.jdbc.exceptions.MysqlDataTruncation: Data truncation: Data too long for column \'publisher\' at row 1','com.yu.waterstation.modules.app.controller.AddressController.updateTaskStatus','0:0:0:0:0:0:0:1','2021-03-15 14:23:34'),(133,'visitor','[PUT] /system/address/taskStatus/2','切换叫水状态（叫水或取消叫水）',1,'[2, eyJ0eXAiOiJKV1QiLCJhbGciOiJIUzI1NiJ9.eyJjb2xsZWdlSWQiOjEsInVzZXJJZCI6M30.d-lmfaV3yxwffddgZO9VaRaC2EjLdOS_bxOZ8A2BM9Q]','{\"code\":200,\"message\":\"成功\"}','com.yu.waterstation.modules.app.controller.AddressController.updateTaskStatus','0:0:0:0:0:0:0:1','2021-03-15 14:24:32'),(134,'visitor','[PUT] /system/address/taskStatus/2','切换叫水状态（叫水或取消叫水）',1,'[2, eyJ0eXAiOiJKV1QiLCJhbGciOiJIUzI1NiJ9.eyJjb2xsZWdlSWQiOjEsInVzZXJJZCI6M30.d-lmfaV3yxwffddgZO9VaRaC2EjLdOS_bxOZ8A2BM9Q]','{\"code\":200,\"message\":\"成功\"}','com.yu.waterstation.modules.app.controller.AddressController.updateTaskStatus','0:0:0:0:0:0:0:1','2021-03-15 14:24:34'),(135,'visitor','[PUT] /system/address','修改',1,'[Address(id=2, collegeId=1, dorm=二区18舍, room=302, waterPrice=13, bucketNum=1, ticketNum=30, lastTime=Sat Mar 14 15:56:00 CST 1970, taskStatus=false)]','{\"code\":200,\"data\":1,\"message\":\"成功\"}','com.yu.waterstation.modules.app.controller.AddressController.update','0:0:0:0:0:0:0:1','2021-03-15 14:24:43'),(136,'visitor','[PUT] /system/student','修改',1,'[Student(id=0, collegeId=null, studentNo=123456789, wxOpenid=null, password=null, addressId=null, name=学生-游客, status=true, wxAvatar=null)]','{\"code\":200,\"data\":1,\"message\":\"成功\"}','com.yu.waterstation.modules.app.controller.StudentController.update','0:0:0:0:0:0:0:1','2021-03-15 14:24:47'),(137,'system2','[POST] /system/address','增加',1,'[Address(id=27, collegeId=2, dorm=7舍, room=303, waterPrice=13, bucketNum=1, ticketNum=12, lastTime=null, taskStatus=false)]','{\"code\":200,\"data\":1,\"message\":\"成功\"}','com.yu.waterstation.modules.app.controller.AddressController.add','0:0:0:0:0:0:0:1','2021-03-15 15:15:26'),(138,'system2','[PUT] /system/address/taskStatus/27','切换叫水状态（叫水或取消叫水）',1,'[27, eyJ0eXAiOiJKV1QiLCJhbGciOiJIUzI1NiJ9.eyJjb2xsZWdlSWQiOjIsInVzZXJJZCI6M30.YCFEI-kxHArN-Fq2DHPthOMGOdcNIK4nwfvayIqIC0E]','{\"code\":200,\"message\":\"成功\"}','com.yu.waterstation.modules.app.controller.AddressController.updateTaskStatus','0:0:0:0:0:0:0:1','2021-03-15 15:15:28'),(139,'system2','[POST] /system/address','增加',1,'[Address(id=28, collegeId=2, dorm=1舍, room=101, waterPrice=13, bucketNum=1, ticketNum=11, lastTime=null, taskStatus=false)]','{\"code\":200,\"data\":1,\"message\":\"成功\"}','com.yu.waterstation.modules.app.controller.AddressController.add','0:0:0:0:0:0:0:1','2021-03-15 15:15:37'),(140,'system2','[PUT] /system/sysUser/role/0','角色授权',1,'[0, [3]]','{\"code\":200,\"message\":\"成功\"}','com.yu.waterstation.modules.system.controller.SysUserController.setRole','0:0:0:0:0:0:0:1','2021-03-15 15:19:01'),(141,'system2','[PUT] /system/role/permission','修改角色的权限',1,'[UpdateRolePermissionVo(roleId=2, permissions=[system:address:add, system:address:delete, system:address:update, system:address:list, system:address:member:list, system:student:add, system:student:delete, system:student:update, system:student:list, system:worker:add, system:worker:delete, system:worker:update, system:worker:list, system:taskLog:add, system:taskLog:delete, system:taskLog:update, system:taskLog:list])]','{\"code\":200,\"message\":\"成功\"}','com.yu.waterstation.modules.system.controller.RoleController.updateRolePermission','0:0:0:0:0:0:0:1','2021-03-15 15:22:03'),(142,'system2','[PUT] /system/role/permission','修改角色的权限',1,'[UpdateRolePermissionVo(roleId=3, permissions=[system:address:add, system:address:delete, system:address:update, system:address:list, system:address:member:list, system:student:add, system:student:delete, system:student:update, system:student:list, system:worker:add, system:worker:delete, system:worker:update, system:worker:list, system:taskLog:add, system:taskLog:delete, system:taskLog:update, system:taskLog:list, system:timingTask:list, system:loginLog:list, system:adminLog:list, system:sysUser:add, system:sysUser:delete, system:sysUser:update, system:sysUser:list, system:role:add, system:role:delete, system:role:update, system:role:list, system:swagger, system:setting:add, system:setting:delete, system:setting:update, system:setting:list])]','{\"code\":200,\"message\":\"成功\"}','com.yu.waterstation.modules.system.controller.RoleController.updateRolePermission','0:0:0:0:0:0:0:1','2021-03-15 15:22:09'),(143,'system2','[PUT] /system/role/permission','修改角色的权限',1,'[UpdateRolePermissionVo(roleId=1, permissions=[system:address:add, system:address:delete, system:address:update, system:address:list, system:address:member:list, system:student:add, system:student:delete, system:student:update, system:student:list, system:worker:add, system:worker:delete, system:worker:update, system:worker:list, system:taskLog:add, system:taskLog:delete, system:taskLog:update, system:taskLog:list, system:timingTask:list, system:loginLog:list, system:adminLog:list, system:sysUser:add, system:sysUser:delete, system:sysUser:update, system:sysUser:list, system:role:add, system:role:delete, system:role:update, system:role:list, system:swagger, system:setting:add, system:setting:delete, system:setting:update, system:setting:list])]','{\"code\":200,\"message\":\"成功\"}','com.yu.waterstation.modules.system.controller.RoleController.updateRolePermission','0:0:0:0:0:0:0:1','2021-03-15 15:22:17'),(144,'system','[PUT] /system/address/taskStatus/1492','切换叫水状态（叫水或取消叫水）',1,'[1492, eyJ0eXAiOiJKV1QiLCJhbGciOiJIUzI1NiJ9.eyJjb2xsZWdlSWQiOjEsInVzZXJJZCI6MX0.An2qxIXvTf9hHlSMKg3wvrfz-J9NPWG7J2xLxoMlQL8]','{\"code\":200,\"message\":\"成功\"}','com.yu.waterstation.modules.app.controller.AddressController.updateTaskStatus','101.206.168.37','2021-03-16 03:00:11'),(145,'system','[PUT] /system/address/taskStatus/1492','切换叫水状态（叫水或取消叫水）',1,'[1492, eyJ0eXAiOiJKV1QiLCJhbGciOiJIUzI1NiJ9.eyJjb2xsZWdlSWQiOjEsInVzZXJJZCI6MX0.An2qxIXvTf9hHlSMKg3wvrfz-J9NPWG7J2xLxoMlQL8]','{\"code\":200,\"message\":\"成功\"}','com.yu.waterstation.modules.app.controller.AddressController.updateTaskStatus','101.206.168.37','2021-03-16 03:00:13'),(146,'system2','[PUT] /system/address/taskStatus/2017','切换叫水状态（叫水或取消叫水）',1,'[2017, eyJ0eXAiOiJKV1QiLCJhbGciOiJIUzI1NiJ9.eyJjb2xsZWdlSWQiOjIsInVzZXJJZCI6M30.YCFEI-kxHArN-Fq2DHPthOMGOdcNIK4nwfvayIqIC0E]','{\"code\":200,\"message\":\"成功\"}','com.yu.waterstation.modules.app.controller.AddressController.updateTaskStatus','0:0:0:0:0:0:0:1','2021-03-16 13:25:56'),(147,'system2','[PUT] /system/address/taskStatus/2017','切换叫水状态（叫水或取消叫水）',1,'[2017, eyJ0eXAiOiJKV1QiLCJhbGciOiJIUzI1NiJ9.eyJjb2xsZWdlSWQiOjIsInVzZXJJZCI6M30.YCFEI-kxHArN-Fq2DHPthOMGOdcNIK4nwfvayIqIC0E]','{\"code\":200,\"message\":\"成功\"}','com.yu.waterstation.modules.app.controller.AddressController.updateTaskStatus','0:0:0:0:0:0:0:1','2021-03-16 13:25:57'),(148,'system2','[PUT] /system/role/permission','修改角色的权限',1,'[UpdateRolePermissionVo(roleId=6, permissions=[system:address:add, system:address:delete, system:address:update, system:address:list, system:address:member:list, system:student:add, system:student:delete, system:student:update, system:student:list, system:worker:add, system:worker:delete, system:worker:update, system:worker:list, system:taskLog:add, system:taskLog:delete, system:taskLog:update, system:taskLog:list, system:timingTask:list, system:loginLog:list, system:adminLog:list, system:sysUser:add, system:sysUser:delete, system:sysUser:update, system:sysUser:list, system:role:add, system:role:delete, system:role:update, system:role:list, system:swagger])]','{\"code\":200,\"message\":\"成功\"}','com.yu.waterstation.modules.system.controller.RoleController.updateRolePermission','0:0:0:0:0:0:0:1','2021-03-16 13:28:31'),(149,'system2','[PUT] /system/role/permission','修改角色的权限',1,'[UpdateRolePermissionVo(roleId=5, permissions=[system:address:add, system:address:delete, system:address:update, system:address:list, system:address:member:list, system:student:add, system:student:delete, system:student:update, system:student:list, system:worker:add, system:worker:delete, system:worker:update, system:worker:list, system:taskLog:add, system:taskLog:delete, system:taskLog:update, system:taskLog:list])]','{\"code\":200,\"message\":\"成功\"}','com.yu.waterstation.modules.system.controller.RoleController.updateRolePermission','0:0:0:0:0:0:0:1','2021-03-16 13:28:38'),(150,'system2','[PUT] /system/role','改',1,'[Role(id=5, collegeId=2, name=后台管理员1, description=管理应用)]','{\"code\":200,\"data\":1,\"message\":\"成功\"}','com.yu.waterstation.modules.system.controller.RoleController.update','0:0:0:0:0:0:0:1','2021-03-16 13:28:43'),(151,'system2','[PUT] /system/role','改',0,'[Role(id=5, collegeId=2, name=后台管理员[绵阳师范], description=管理应用)]','\r\n### Error updating database.  Cause: com.mysql.cj.jdbc.exceptions.MysqlDataTruncation: Data truncation: Data too long for column \'name\' at row 1\r\n### The error may exist in com/yu/waterstation/modules/system/mapper/RoleMapper.java (best guess)\r\n### The error may involve com.yu.waterstation.modules.system.mapper.RoleMapper.updateById-Inline\r\n### The error occurred while setting parameters\r\n### SQL: UPDATE sys_role  SET college_id=?, name=?, description=?  WHERE id=?\r\n### Cause: com.mysql.cj.jdbc.exceptions.MysqlDataTruncation: Data truncation: Data too long for column \'name\' at row 1\n; Data truncation: Data too long for column \'name\' at row 1; nested exception is com.mysql.cj.jdbc.exceptions.MysqlDataTruncation: Data truncation: Data too long for column \'name\' at row 1','com.yu.waterstation.modules.system.controller.RoleController.update','0:0:0:0:0:0:0:1','2021-03-16 13:29:05'),(152,'system2','[PUT] /system/role','改',1,'[Role(id=5, collegeId=2, name=后台管理员(绵阳师范), description=管理应用)]','{\"code\":200,\"data\":1,\"message\":\"成功\"}','com.yu.waterstation.modules.system.controller.RoleController.update','0:0:0:0:0:0:0:1','2021-03-16 13:29:50'),(153,'system2','[PUT] /system/role','改',1,'[Role(id=4, collegeId=2, name=系统管理员(绵阳师范), description=系统所有权限)]','{\"code\":200,\"data\":1,\"message\":\"成功\"}','com.yu.waterstation.modules.system.controller.RoleController.update','0:0:0:0:0:0:0:1','2021-03-16 13:29:55'),(154,'system2','[PUT] /system/role','改',1,'[Role(id=6, collegeId=2, name=游客模式(绵阳师范), description=允许所有查看权限，拦截一切修改操作)]','{\"code\":200,\"data\":1,\"message\":\"成功\"}','com.yu.waterstation.modules.system.controller.RoleController.update','0:0:0:0:0:0:0:1','2021-03-16 13:30:02'),(155,'system2','[PUT] /system/sysUser/role/4','角色授权',1,'[4, [4]]','{\"code\":200,\"message\":\"成功\"}','com.yu.waterstation.modules.system.controller.SysUserController.setRoleOfSysUser','0:0:0:0:0:0:0:1','2021-03-16 13:30:15'),(156,'system2','[PUT] /system/address/taskStatus/2017','切换叫水状态（叫水或取消叫水）',1,'[2017, eyJ0eXAiOiJKV1QiLCJhbGciOiJIUzI1NiJ9.eyJjb2xsZWdlSWQiOjIsInVzZXJJZCI6M30.YCFEI-kxHArN-Fq2DHPthOMGOdcNIK4nwfvayIqIC0E]','{\"code\":200,\"message\":\"成功\"}','com.yu.waterstation.modules.app.controller.AddressController.updateTaskStatus','0:0:0:0:0:0:0:1','2021-03-16 13:50:14'),(157,'system2','[PUT] /system/address/taskStatus/2017','切换叫水状态（叫水或取消叫水）',1,'[2017, eyJ0eXAiOiJKV1QiLCJhbGciOiJIUzI1NiJ9.eyJjb2xsZWdlSWQiOjIsInVzZXJJZCI6M30.YCFEI-kxHArN-Fq2DHPthOMGOdcNIK4nwfvayIqIC0E]','{\"code\":200,\"message\":\"成功\"}','com.yu.waterstation.modules.app.controller.AddressController.updateTaskStatus','0:0:0:0:0:0:0:1','2021-03-16 13:50:16'),(158,'system2','[PUT] /system/address/taskStatus/2018','切换叫水状态（叫水或取消叫水）',1,'[2018, eyJ0eXAiOiJKV1QiLCJhbGciOiJIUzI1NiJ9.eyJjb2xsZWdlSWQiOjIsInVzZXJJZCI6M30.YCFEI-kxHArN-Fq2DHPthOMGOdcNIK4nwfvayIqIC0E]','{\"code\":200,\"message\":\"成功\"}','com.yu.waterstation.modules.app.controller.AddressController.updateTaskStatus','0:0:0:0:0:0:0:1','2021-03-16 13:52:31'),(159,'system2','[PUT] /system/address/taskStatus/2018','切换叫水状态（叫水或取消叫水）',1,'[2018, eyJ0eXAiOiJKV1QiLCJhbGciOiJIUzI1NiJ9.eyJjb2xsZWdlSWQiOjIsInVzZXJJZCI6M30.YCFEI-kxHArN-Fq2DHPthOMGOdcNIK4nwfvayIqIC0E]','{\"code\":200,\"message\":\"成功\"}','com.yu.waterstation.modules.app.controller.AddressController.updateTaskStatus','0:0:0:0:0:0:0:1','2021-03-16 13:52:32'),(160,'system','[PUT] /system/student','修改',1,'[Student(id=0, collegeId=null, studentNo=null, wxOpenid=null, password=null, addressId=null, name=null, status=false, wxAvatar=null)]','{\"code\":200,\"data\":1,\"message\":\"成功\"}','com.yu.waterstation.modules.app.controller.StudentController.update','0:0:0:0:0:0:0:1','2021-03-16 16:34:27'),(161,'system','[PUT] /system/student','修改',1,'[Student(id=0, collegeId=null, studentNo=null, wxOpenid=null, password=null, addressId=null, name=null, status=true, wxAvatar=null)]','{\"code\":200,\"data\":1,\"message\":\"成功\"}','com.yu.waterstation.modules.app.controller.StudentController.update','0:0:0:0:0:0:0:1','2021-03-16 16:34:27');

/*Table structure for table `sys_login_log` */

DROP TABLE IF EXISTS `sys_login_log`;

CREATE TABLE `sys_login_log` (
  `id` bigint(10) NOT NULL AUTO_INCREMENT,
  `username` varchar(20) DEFAULT NULL,
  `ip` varchar(30) DEFAULT NULL COMMENT '登录的ip地址',
  `os_name` varchar(30) DEFAULT NULL COMMENT '操作系统名称',
  `browser_name` varchar(30) DEFAULT NULL COMMENT '游览器名称',
  `success` tinyint(1) DEFAULT NULL COMMENT '是否登录成功',
  `timestamp` datetime DEFAULT NULL COMMENT '时间',
  PRIMARY KEY (`id`)
) ENGINE=InnoDB AUTO_INCREMENT=174 DEFAULT CHARSET=utf8 COMMENT='后台登录日志';

/*Data for the table `sys_login_log` */

insert  into `sys_login_log`(`id`,`username`,`ip`,`os_name`,`browser_name`,`success`,`timestamp`) values (1,'system',NULL,'Windows','Chrome',1,'2020-12-11 14:36:08'),(2,'system',NULL,'Windows','Chrome',1,'2020-12-11 14:36:22'),(3,'管理员-游客',NULL,'Windows','Chrome',1,'2020-12-11 14:43:24'),(4,'管理员-游客',NULL,'Windows','Chrome',0,'2020-12-11 14:47:19'),(5,'visitor',NULL,'Windows','Chrome',1,'2020-12-11 14:47:25'),(6,'visitor',NULL,'Windows','Chrome',1,'2020-12-11 14:58:14'),(7,'visitor',NULL,'Windows','Chrome',1,'2020-12-11 15:00:26'),(8,'visitor',NULL,'Windows','Chrome',1,'2020-12-11 15:00:36'),(9,'visitor',NULL,'Windows','Chrome',1,'2020-12-11 15:07:14'),(10,'visitor',NULL,'Windows','Chrome',1,'2020-12-11 15:07:29'),(97,'system',NULL,'Windows','Chrome',1,'2020-12-22 22:50:06'),(98,'system','101.206.167.191','Windows','Chrome',0,'2020-12-22 22:50:07'),(99,'visitor','101.206.167.191','Windows','Chrome',1,'2020-12-22 22:51:36'),(100,'visitor',NULL,'Windows','Chrome',1,'2020-12-22 22:51:40'),(101,'visitor','101.206.167.191','Windows','Chrome',0,'2020-12-22 22:51:40'),(102,'system',NULL,'Windows','Chrome',1,'2021-03-14 21:23:07'),(103,'system','0:0:0:0:0:0:0:1','Windows','Chrome',0,'2021-03-14 21:23:07'),(104,'system',NULL,'Windows','Chrome',1,'2021-03-14 21:44:45'),(105,'system','0:0:0:0:0:0:0:1','Windows','Chrome',0,'2021-03-14 21:44:45'),(106,'system',NULL,'Windows','Chrome',1,'2021-03-14 22:30:10'),(107,'system','0:0:0:0:0:0:0:1','Windows','Chrome',0,'2021-03-14 22:30:10'),(108,'system',NULL,'Windows','Chrome',1,'2021-03-14 22:59:06'),(109,'system','0:0:0:0:0:0:0:1','Windows','Chrome',0,'2021-03-14 22:59:06'),(110,'visitor',NULL,'Windows','Chrome',1,'2021-03-15 14:23:05'),(111,'visitor','0:0:0:0:0:0:0:1','Windows','Chrome',0,'2021-03-15 14:23:05'),(112,'visitor',NULL,'Windows','Chrome',1,'2021-03-15 14:25:45'),(113,'visitor','0:0:0:0:0:0:0:1','Windows','Chrome',0,'2021-03-15 14:25:45'),(114,'system2',NULL,'Windows','Chrome',1,'2021-03-15 15:14:24'),(115,'system2','0:0:0:0:0:0:0:1','Windows','Chrome',0,'2021-03-15 15:14:24'),(116,'system2',NULL,'Windows','Chrome',1,'2021-03-15 15:16:38'),(117,'system2','0:0:0:0:0:0:0:1','Windows','Chrome',0,'2021-03-15 15:16:38'),(118,'system2',NULL,'Windows','Chrome',1,'2021-03-15 15:23:31'),(119,'system2','0:0:0:0:0:0:0:1','Windows','Chrome',0,'2021-03-15 15:23:32'),(120,'visitor',NULL,'Windows','Chrome',1,'2021-03-15 15:29:05'),(121,'visitor','0:0:0:0:0:0:0:1','Windows','Chrome',0,'2021-03-15 15:29:05'),(122,'visitor',NULL,'Windows','Chrome',1,'2021-03-15 15:35:06'),(123,'visitor','0:0:0:0:0:0:0:1','Windows','Chrome',0,'2021-03-15 15:35:07'),(124,'visitor',NULL,'Windows','Chrome',1,'2021-03-15 15:37:56'),(125,'visitor','0:0:0:0:0:0:0:1','Windows','Chrome',0,'2021-03-15 15:37:56'),(126,'visitor',NULL,'Windows','Chrome',1,'2021-03-15 15:39:52'),(127,'visitor','0:0:0:0:0:0:0:1','Windows','Chrome',0,'2021-03-15 15:39:52'),(128,'admin2',NULL,'Windows','Chrome',1,'2021-03-16 13:30:43'),(129,'admin2','0:0:0:0:0:0:0:1','Windows','Chrome',0,'2021-03-16 13:30:43'),(130,'admin2',NULL,'Windows','Chrome',1,'2021-03-16 13:35:12'),(131,'admin2','0:0:0:0:0:0:0:1','Windows','Chrome',0,'2021-03-16 13:35:12'),(132,'system2',NULL,'Windows','Chrome',1,'2021-03-16 13:44:08'),(133,'system2','0:0:0:0:0:0:0:1','Windows','Chrome',0,'2021-03-16 13:44:08'),(134,'system2',NULL,'Windows','Chrome',1,'2021-03-16 13:49:05'),(135,'system2','0:0:0:0:0:0:0:1','Windows','Chrome',0,'2021-03-16 13:49:06'),(136,'system2',NULL,'Windows','Chrome',1,'2021-03-16 13:49:51'),(137,'system2','0:0:0:0:0:0:0:1','Windows','Chrome',1,'2021-03-16 13:49:51'),(138,'system',NULL,'Windows','Chrome',1,'2021-03-16 13:53:00'),(139,'system','0:0:0:0:0:0:0:1','Windows','Chrome',1,'2021-03-16 13:53:00'),(140,'system',NULL,'Windows','Chrome',1,'2021-03-16 14:07:48'),(141,'system','0:0:0:0:0:0:0:1','Windows','Chrome',1,'2021-03-16 14:07:49'),(142,'system',NULL,'Windows','Chrome',1,'2021-03-16 14:12:42'),(143,'system','0:0:0:0:0:0:0:1','Windows','Chrome',1,'2021-03-16 14:12:43'),(144,'system',NULL,'Windows','Chrome',1,'2021-03-16 16:34:38'),(145,'system','0:0:0:0:0:0:0:1','Windows','Chrome',1,'2021-03-16 16:34:38'),(146,'system',NULL,'Windows','Chrome',1,'2021-03-26 03:49:46'),(147,'system','0:0:0:0:0:0:0:1','Windows','Chrome',1,'2021-03-26 03:49:47'),(148,'system',NULL,'Windows','Chrome',1,'2021-03-26 03:51:39'),(149,'system','0:0:0:0:0:0:0:1','Windows','Chrome',1,'2021-03-26 03:51:39'),(150,'system',NULL,'Windows','Chrome',1,'2021-03-26 03:53:56'),(151,'system','0:0:0:0:0:0:0:1','Windows','Chrome',1,'2021-03-26 03:53:56'),(152,'system',NULL,'Windows','Chrome',1,'2021-03-26 04:09:46'),(153,'system','0:0:0:0:0:0:0:1','Windows','Chrome',1,'2021-03-26 04:09:46'),(154,'system',NULL,'Windows','Chrome',1,'2021-03-26 04:16:31'),(155,'system',NULL,'Windows','Chrome',1,'2021-03-26 04:17:41'),(156,'system',NULL,'Windows','Chrome',1,'2021-03-26 04:21:31'),(157,'system',NULL,'Windows','Chrome',1,'2021-03-26 04:24:00'),(158,'system',NULL,'Windows','Chrome',1,'2021-03-26 04:26:23'),(159,'system',NULL,'Windows','Chrome',1,'2021-03-26 04:27:06'),(160,'system',NULL,'Windows','Chrome',1,'2021-03-26 04:28:38'),(161,'system',NULL,'Windows','Chrome',1,'2021-03-26 04:43:48'),(162,'system',NULL,'Windows','Chrome',1,'2021-03-26 04:46:19'),(163,'system',NULL,'Windows','Chrome',1,'2021-03-26 15:47:28'),(164,'system','0:0:0:0:0:0:0:1','Windows','Chrome',1,'2021-03-27 00:56:04'),(165,'system','0:0:0:0:0:0:0:1','Windows','Chrome',1,'2021-03-27 01:21:56'),(166,'system','0:0:0:0:0:0:0:1','Windows','Chrome',1,'2021-03-27 01:24:21'),(167,'system','0:0:0:0:0:0:0:1','Windows','Chrome',1,'2021-03-27 01:31:45'),(168,'system','0:0:0:0:0:0:0:1','Windows','Chrome',1,'2021-03-27 01:32:05'),(169,'system','0:0:0:0:0:0:0:1','Windows','Chrome',1,'2021-03-27 01:49:17'),(170,'system','0:0:0:0:0:0:0:1','Windows','Chrome',1,'2021-03-27 02:11:06'),(171,'system','0:0:0:0:0:0:0:1','Windows','Chrome',1,'2021-03-27 02:39:55'),(172,'system','0:0:0:0:0:0:0:1','Windows','Chrome',1,'2021-03-27 03:25:06'),(173,'system','0:0:0:0:0:0:0:1','Windows','Chrome',1,'2021-03-27 03:26:18');

/*Table structure for table `sys_role` */

DROP TABLE IF EXISTS `sys_role`;

CREATE TABLE `sys_role` (
  `id` int(10) NOT NULL AUTO_INCREMENT,
  `name` varchar(20) DEFAULT NULL,
  `description` varchar(30) DEFAULT NULL,
  PRIMARY KEY (`id`)
) ENGINE=InnoDB AUTO_INCREMENT=7 DEFAULT CHARSET=utf8;

/*Data for the table `sys_role` */

insert  into `sys_role`(`id`,`name`,`description`) values (1,'系统管理员','系统所有权限'),(2,'后台管理员','管理应用'),(3,'游客模式','允许所有查看权限，拦截一切修改操作');

/*Table structure for table `sys_role_permission` */

DROP TABLE IF EXISTS `sys_role_permission`;

CREATE TABLE `sys_role_permission` (
  `role_id` int(10) NOT NULL,
  `permission` varchar(30) NOT NULL COMMENT '权限 eg:system:user:add',
  PRIMARY KEY (`role_id`,`permission`)
) ENGINE=InnoDB DEFAULT CHARSET=utf8 COMMENT='角色的权限(可以不止一个)';

/*Data for the table `sys_role_permission` */

insert  into `sys_role_permission`(`role_id`,`permission`) values (1,'*'),(1,'system:address:add'),(1,'system:address:delete'),(1,'system:address:list'),(1,'system:address:member:list'),(1,'system:address:update'),(1,'system:adminLog:list'),(1,'system:loginLog:list'),(1,'system:role:add'),(1,'system:role:delete'),(1,'system:role:list'),(1,'system:role:update'),(1,'system:setting:add'),(1,'system:setting:delete'),(1,'system:setting:list'),(1,'system:setting:update'),(1,'system:student:add'),(1,'system:student:delete'),(1,'system:student:list'),(1,'system:student:update'),(1,'system:swagger'),(1,'system:sysUser:add'),(1,'system:sysUser:delete'),(1,'system:sysUser:list'),(1,'system:sysUser:update'),(1,'system:taskLog:add'),(1,'system:taskLog:delete'),(1,'system:taskLog:list'),(1,'system:taskLog:update'),(1,'system:timingTask:list'),(1,'system:worker:add'),(1,'system:worker:delete'),(1,'system:worker:list'),(1,'system:worker:update'),(2,'system:address:add'),(2,'system:address:delete'),(2,'system:address:list'),(2,'system:address:member:list'),(2,'system:address:update'),(2,'system:student:add'),(2,'system:student:delete'),(2,'system:student:list'),(2,'system:student:update'),(2,'system:taskLog:add'),(2,'system:taskLog:delete'),(2,'system:taskLog:list'),(2,'system:taskLog:update'),(2,'system:worker:add'),(2,'system:worker:delete'),(2,'system:worker:list'),(2,'system:worker:update'),(3,'system:address:add'),(3,'system:address:delete'),(3,'system:address:list'),(3,'system:address:member:list'),(3,'system:address:update'),(3,'system:adminLog:list'),(3,'system:loginLog:list'),(3,'system:role:add'),(3,'system:role:delete'),(3,'system:role:list'),(3,'system:role:update'),(3,'system:setting:add'),(3,'system:setting:delete'),(3,'system:setting:list'),(3,'system:setting:update'),(3,'system:student:add'),(3,'system:student:delete'),(3,'system:student:list'),(3,'system:student:update'),(3,'system:swagger'),(3,'system:sysUser:add'),(3,'system:sysUser:delete'),(3,'system:sysUser:list'),(3,'system:sysUser:update'),(3,'system:taskLog:add'),(3,'system:taskLog:delete'),(3,'system:taskLog:list'),(3,'system:taskLog:update'),(3,'system:timingTask:list'),(3,'system:worker:add'),(3,'system:worker:delete'),(3,'system:worker:list'),(3,'system:worker:update'),(4,'*'),(5,'system:address:add'),(5,'system:address:delete'),(5,'system:address:list'),(5,'system:address:member:list'),(5,'system:address:update'),(5,'system:student:add'),(5,'system:student:delete'),(5,'system:student:list'),(5,'system:student:update'),(5,'system:taskLog:add'),(5,'system:taskLog:delete'),(5,'system:taskLog:list'),(5,'system:taskLog:update'),(5,'system:worker:add'),(5,'system:worker:delete'),(5,'system:worker:list'),(5,'system:worker:update'),(6,'system:address:add'),(6,'system:address:delete'),(6,'system:address:list'),(6,'system:address:member:list'),(6,'system:address:update'),(6,'system:adminLog:list'),(6,'system:loginLog:list'),(6,'system:role:add'),(6,'system:role:delete'),(6,'system:role:list'),(6,'system:role:update'),(6,'system:student:add'),(6,'system:student:delete'),(6,'system:student:list'),(6,'system:student:update'),(6,'system:swagger'),(6,'system:sysUser:add'),(6,'system:sysUser:delete'),(6,'system:sysUser:list'),(6,'system:sysUser:update'),(6,'system:taskLog:add'),(6,'system:taskLog:delete'),(6,'system:taskLog:list'),(6,'system:taskLog:update'),(6,'system:timingTask:list'),(6,'system:worker:add'),(6,'system:worker:delete'),(6,'system:worker:list'),(6,'system:worker:update');

/*Table structure for table `sys_user` */

DROP TABLE IF EXISTS `sys_user`;

CREATE TABLE `sys_user` (
  `id` int(10) unsigned NOT NULL AUTO_INCREMENT,
  `username` varchar(10) NOT NULL,
  `password` varchar(50) NOT NULL,
  `status` tinyint(1) DEFAULT '1' COMMENT '1表示账号可用',
  PRIMARY KEY (`id`)
) ENGINE=InnoDB AUTO_INCREMENT=6 DEFAULT CHARSET=utf8;

/*Data for the table `sys_user` */

insert  into `sys_user`(`id`,`username`,`password`,`status`) values (1,'system','4QrcOUm6Wau+VuBX8g+IPg==',1),(2,'admin','4QrcOUm6Wau+VuBX8g+IPg==',1),(5,'visitor','4QrcOUm6Wau+VuBX8g+IPg==',1);

/*Table structure for table `sys_user_role` */

DROP TABLE IF EXISTS `sys_user_role`;

CREATE TABLE `sys_user_role` (
  `user_id` int(10) NOT NULL,
  `role_id` int(10) NOT NULL,
  PRIMARY KEY (`user_id`,`role_id`)
) ENGINE=InnoDB DEFAULT CHARSET=utf8;

/*Data for the table `sys_user_role` */

insert  into `sys_user_role`(`user_id`,`role_id`) values (0,3),(1,1),(2,1),(3,4),(4,4),(5,3);

/*Table structure for table `user` */

DROP TABLE IF EXISTS `user`;

CREATE TABLE `user` (
  `wx_openid` varchar(50) NOT NULL COMMENT '微信的openid',
  `name` varchar(10) DEFAULT '' COMMENT '姓名',
  `phone` varchar(11) DEFAULT NULL COMMENT '手机号',
  `sex` tinyint(1) DEFAULT '1' COMMENT '性别',
  `wx_avatar` varchar(300) DEFAULT NULL COMMENT '微信头像',
  `status` tinyint(1) DEFAULT '1' COMMENT '账号激活状态',
  PRIMARY KEY (`wx_openid`),
  UNIQUE KEY `openid` (`wx_openid`)
) ENGINE=InnoDB DEFAULT CHARSET=utf8;

/*Data for the table `user` */

insert  into `user`(`wx_openid`,`name`,`phone`,`sex`,`wx_avatar`,`status`) values ('0','陈亚如','17058179046',1,'https://thirdwx.qlogo.cn/mmopen/vi_32/AaOmN48mu4flvWr46JVd3o8WzI397ToGjFqENnsVuHFl6c10QKKHHbvPDxVB6uicNembZtuuU2To8HByBmRxL9w/132',1),('ozcla5GmGBHYom7Om7wR7pHUX3RU','新用户','17058179047',1,'https://thirdwx.qlogo.cn/mmopen/vi_32/5X8cBQWXx4kRx9JciaicibSV1iabKzqqOBGd5iaHYH41JUYHGicO5lIicdqtic878pzuaZI0Mb9LibUE5vRjs3k6T30Tlxw/132',1);

/*Table structure for table `user_address` */

DROP TABLE IF EXISTS `user_address`;

CREATE TABLE `user_address` (
  `user_id` varchar(50) NOT NULL,
  `address_id` int(10) NOT NULL,
  PRIMARY KEY (`user_id`,`address_id`)
) ENGINE=InnoDB DEFAULT CHARSET=utf8;

/*Data for the table `user_address` */

insert  into `user_address`(`user_id`,`address_id`) values ('0',0),('0',2243),('ozcla5GmGBHYom7Om7wR7pHUX3RU',2244);

/*!40101 SET SQL_MODE=@OLD_SQL_MODE */;
/*!40014 SET FOREIGN_KEY_CHECKS=@OLD_FOREIGN_KEY_CHECKS */;
/*!40014 SET UNIQUE_CHECKS=@OLD_UNIQUE_CHECKS */;
/*!40111 SET SQL_NOTES=@OLD_SQL_NOTES */;
